City,City,Country,Date,Lat,Lng,Max Temp,Humidity,Cloudiness,Wind Speed
0,Hobart,AU,2022-04-25 19:40:10,-42.8794,147.3294,51.22,92,44,6.91
1,Faanui,PF,2022-04-25 19:44:31,-16.4833,-151.75,81.37,72,6,8.93
2,Hithadhoo,MV,2022-04-25 19:44:31,-0.6,73.0833,83.48,75,69,6.98
3,College,US,2022-04-25 19:44:32,64.8569,-147.8028,47.21,57,75,4.61
4,Leningradskiy,RU,2022-04-25 19:44:32,69.3833,178.4167,11.17,94,64,8.1
5,Kloulklubed,PW,2022-04-25 19:44:33,7.0419,134.2556,75.7,80,100,16.75
6,Albany,US,2022-04-25 19:43:59,42.6001,-73.9662,70.23,37,100,5.01
7,Bengkulu,ID,2022-04-25 19:44:33,-3.8004,102.2655,76.21,88,100,7.58
8,Ilulissat,GL,2022-04-25 19:44:34,69.2167,-51.1,28.42,80,100,0.0
9,Jamestown,US,2022-04-25 19:44:34,42.097,-79.2353,80.24,44,40,13.8
10,Porto Velho,BR,2022-04-25 19:44:34,-8.7619,-63.9039,87.85,70,40,2.3
11,Avarua,CK,2022-04-25 19:44:35,-21.2078,-159.775,80.65,83,20,6.91
12,Ushuaia,AR,2022-04-25 19:44:03,-54.8,-68.3,42.46,75,75,17.27
13,Bluff,NZ,2022-04-25 19:44:35,-46.6,168.3333,51.8,67,100,24.05
14,Namatanai,PG,2022-04-25 19:44:36,-3.6667,152.4333,78.66,80,100,4.47
15,Victoria,HK,2022-04-25 19:39:46,22.2855,114.1577,81.32,85,10,7.0
16,Cayenne,GF,2022-04-25 19:44:36,4.9333,-52.3333,83.08,1,84,3.44
17,Pesqueira,BR,2022-04-25 19:44:37,-8.3578,-36.6964,71.22,92,88,11.36
18,Butaritari,KI,2022-04-25 19:43:58,3.0707,172.7902,79.65,84,37,13.82
19,Punta Arenas,CL,2022-04-25 19:41:24,-53.15,-70.9167,44.71,65,40,17.27
20,Bethel,US,2022-04-25 19:44:38,41.3712,-73.414,64.38,36,40,11.5
21,Saurimo,AO,2022-04-25 19:44:38,-9.6608,20.3916,68.77,84,84,4.36
22,Masasi,TZ,2022-04-25 19:44:38,-10.7167,38.8,69.4,97,55,3.0
23,Kungurtug,RU,2022-04-25 19:44:19,50.5994,97.5228,12.11,83,16,2.8
24,Atuona,PF,2022-04-25 19:44:00,-9.8,-139.0333,78.24,79,24,15.59
25,Vardo,NO,2022-04-25 19:44:39,70.3705,31.1107,30.18,86,40,17.27
26,Tautira,PF,2022-04-25 19:44:39,-17.7333,-149.15,80.64,75,12,10.6
27,Senanga,ZM,2022-04-25 19:44:40,-16.1167,23.2667,70.97,62,98,4.9
28,Hervey Bay,AU,2022-04-25 19:44:40,-25.2986,152.8535,67.01,89,100,8.99
29,Rikitea,PF,2022-04-25 19:43:45,-23.1203,-134.9692,77.16,72,76,15.7
30,Whyalla,AU,2022-04-25 19:44:41,-33.0333,137.5833,62.49,94,100,4.61
31,Cape Town,ZA,2022-04-25 19:42:47,-33.9258,18.4232,59.41,72,0,10.36
32,Port Alfred,ZA,2022-04-25 19:43:53,-33.5906,26.891,56.17,91,30,4.0
33,Bambous Virieux,MU,2022-04-25 19:43:50,-20.3428,57.7575,75.45,78,40,11.5
34,Kiunga,PG,2022-04-25 19:44:42,-6.1219,141.2906,73.87,100,100,1.1
35,Xuddur,SO,2022-04-25 19:44:42,4.1213,43.8894,79.05,65,77,12.37
36,Ararat,AM,2022-04-25 19:44:42,39.8317,44.7049,62.94,46,28,5.01
37,Kapaa,US,2022-04-25 19:43:27,22.0752,-159.319,80.58,74,75,17.27
38,Yellowknife,CA,2022-04-25 19:41:01,62.456,-114.3525,39.72,52,75,12.66
39,Carnarvon,AU,2022-04-25 19:44:43,-24.8667,113.6333,64.47,94,0,5.75
40,Launceston,AU,2022-04-25 19:44:43,-41.45,147.1667,53.24,90,100,5.75
41,Port Elizabeth,ZA,2022-04-25 19:44:44,-33.918,25.5701,59.31,90,0,9.22
42,Le Port,RE,2022-04-25 19:44:44,-20.9373,55.2919,75.2,73,10,8.16
43,Sistranda,NO,2022-04-25 19:44:44,63.7256,8.834,40.96,66,100,13.15
44,Vaini,TO,2022-04-25 19:44:45,-21.2,-175.2,73.56,88,75,14.97
45,Qaanaaq,GL,2022-04-25 19:44:45,77.484,-69.3632,11.3,71,71,5.28
46,Necochea,AR,2022-04-25 19:44:46,-38.5473,-58.7368,61.68,45,1,6.49
47,Sept-Iles,CA,2022-04-25 19:45:46,50.2001,-66.3821,41.05,88,75,11.5
48,Tiksi,RU,2022-04-25 19:43:54,71.6872,128.8694,-5.85,100,99,3.11
49,Nuuk,GL,2022-04-25 19:42:25,64.1835,-51.7216,32.61,74,75,4.61
50,Okhotsk,RU,2022-04-25 19:45:47,59.3833,143.3,22.23,78,46,12.33
51,Gagnoa,CI,2022-04-25 19:45:47,6.1293,-5.9437,77.2,83,100,3.67
52,Leshukonskoye,RU,2022-04-25 19:45:48,64.8989,45.7622,33.73,93,100,3.91
53,Iquique,CL,2022-04-25 19:41:46,-20.2208,-70.1431,68.04,75,100,8.12
54,Bosobolo,CD,2022-04-25 19:45:48,4.1833,19.9,73.54,85,86,2.19
55,Hilo,US,2022-04-25 19:45:41,19.7297,-155.09,78.24,90,75,8.05
56,Portland,US,2022-04-25 19:43:42,45.5234,-122.6762,59.18,80,100,4.61
57,Nizhniy Tsasuchey,RU,2022-04-25 19:45:49,50.5167,115.1333,37.15,41,100,19.93
58,East London,ZA,2022-04-25 19:44:02,-33.0153,27.9116,62.62,73,12,15.48
59,Serekunda,GM,2022-04-25 19:45:49,13.4383,-16.6781,86.14,45,0,10.36
60,Garissa,KE,2022-04-25 19:45:50,-0.4536,39.6401,83.32,65,97,15.12
61,Castro,BR,2022-04-25 19:45:50,-24.7911,-50.0119,71.89,68,0,3.49
62,Mataura,NZ,2022-04-25 19:43:55,-46.1927,168.8643,51.48,81,65,6.78
63,Mar Del Plata,AR,2022-04-25 19:40:50,-38.0023,-57.5575,64.42,68,0,11.01
64,Saldanha,ZA,2022-04-25 19:45:51,-33.0117,17.9442,55.45,77,0,16.26
65,Puerto Ayora,EC,2022-04-25 19:44:05,-0.7393,-90.3518,76.96,77,80,11.97
66,Vila Velha,BR,2022-04-25 19:41:14,-20.3297,-40.2925,80.55,76,75,14.0
67,Clyde River,CA,2022-04-25 19:41:17,70.4692,-68.5914,8.83,92,100,21.85
68,Rawson,AR,2022-04-25 19:40:53,-43.3002,-65.1023,63.97,29,100,16.78
69,Busselton,AU,2022-04-25 19:43:56,-33.65,115.3333,62.01,65,100,17.58
70,Parana,AR,2022-04-25 19:45:52,-31.732,-60.5238,81.55,71,88,6.58
71,Upernavik,GL,2022-04-25 19:43:44,72.7868,-56.1549,19.9,87,29,2.64
72,Mahibadhoo,MV,2022-04-25 19:45:53,3.7833,72.9667,84.36,67,20,2.28
73,Husavik,IS,2022-04-25 19:45:53,66.0449,-17.3389,42.15,76,63,3.8
74,Nikolskoye,RU,2022-04-25 19:45:54,59.7035,30.7861,41.72,97,100,4.9
75,La Palma,US,2022-04-25 19:45:54,33.8464,-118.0467,92.5,19,20,11.5
76,Monroe,US,2022-04-25 19:44:34,43.1501,-77.6831,79.43,65,100,10.36
77,Coahuayana,MX,2022-04-25 19:45:54,18.7333,-103.6833,88.25,39,8,8.14
78,Barrow,US,2022-04-25 19:43:42,71.2906,-156.7887,12.22,79,100,11.5
79,Hermanus,ZA,2022-04-25 19:45:55,-34.4187,19.2345,51.8,71,0,5.37
80,Oranjemund,NA,2022-04-25 19:45:55,-28.55,16.4333,57.07,74,0,18.05
81,Ormara,PK,2022-04-25 19:45:56,25.2088,64.6357,81.77,82,0,15.48
82,Labrea,BR,2022-04-25 19:45:56,-7.2586,-64.7981,89.56,57,39,5.08
83,Airai,TL,2022-04-25 19:45:57,-8.9266,125.4092,57.34,76,44,1.01
84,Haapiti,PF,2022-04-25 19:45:57,-17.5667,-149.8667,83.93,72,2,8.25
85,Tinskoy,RU,2022-04-25 19:45:57,56.1525,96.9161,24.71,95,73,3.38
86,Nome,US,2022-04-25 19:43:01,64.5011,-165.4064,32.16,93,100,4.61
87,Hasaki,JP,2022-04-25 19:45:46,35.7333,140.8333,61.29,89,100,7.81
88,Saint George,US,2022-04-25 19:42:54,37.1041,-113.5841,75.63,13,0,4.0
89,Nizwa,OM,2022-04-25 19:44:22,22.9333,57.5333,82.49,26,3,4.54
90,Tuktoyaktuk,CA,2022-04-25 19:45:58,69.4541,-133.0374,17.6,79,20,5.75
91,Port Hedland,AU,2022-04-25 19:46:59,-20.3167,118.5667,71.65,94,23,6.91
92,Rosetta,EG,2022-04-25 19:46:59,31.4044,30.4164,63.88,78,18,8.5
93,Karratha,AU,2022-04-25 19:47:00,-20.7377,116.8463,75.6,72,76,7.83
94,Lasa,IT,2022-04-25 19:47:00,46.6166,10.7002,50.88,99,100,1.5
95,Mitu,CO,2022-04-25 19:47:00,1.1983,-70.1733,83.08,77,98,2.91
96,Bull Savanna,JM,2022-04-25 19:47:01,17.8868,-77.5902,80.67,66,43,14.43
97,San Patricio,US,2022-04-25 19:47:01,28.017,-97.5169,88.52,53,92,17.43
98,Teeli,RU,2022-04-25 19:47:02,51.0333,90.2333,34.32,36,100,3.29
99,Dzhebariki-Khaya,RU,2022-04-25 19:47:02,62.2167,135.8,19.74,98,100,1.5
100,Dikson,RU,2022-04-25 19:43:59,73.5069,80.5464,4.41,100,100,2.71
101,La Esperanza,GT,2022-04-25 19:47:03,14.8667,-91.5667,67.62,66,75,9.22
102,Cabo San Lucas,MX,2022-04-25 19:44:42,22.8909,-109.9124,83.61,64,16,4.0
103,Bernay,FR,2022-04-25 19:47:03,49.1667,0.6667,49.06,81,0,1.99
104,Nabire,ID,2022-04-25 19:45:39,-3.3667,135.4833,76.37,92,55,2.71
105,Port Macquarie,AU,2022-04-25 19:42:35,-31.4333,152.9167,57.88,80,100,1.32
106,Lagos,NG,2022-04-25 19:42:06,6.5833,3.75,84.52,86,8,4.72
107,Alice Springs,AU,2022-04-25 19:47:04,-23.7,133.8833,51.35,100,71,0.0
108,Dunedin,NZ,2022-04-25 19:47:05,-45.8742,170.5036,50.81,61,19,15.01
109,Segezha,RU,2022-04-25 19:47:05,63.7415,34.3222,33.98,90,100,2.68
110,Sungai Besar,MY,2022-04-25 19:47:06,3.6746,100.9867,76.59,93,96,5.19
111,Ibadan,NG,2022-04-25 19:47:06,7.3878,3.8964,76.89,94,40,5.75
112,Qaqortoq,GL,2022-04-25 19:47:06,60.7167,-46.0333,38.35,81,82,2.57
113,Ossora,RU,2022-04-25 19:47:07,59.2353,163.0719,28.26,93,100,9.75
114,Emerald,AU,2022-04-25 19:47:07,-23.5333,148.1667,62.74,100,100,12.66
115,Baiyin,CN,2022-04-25 19:47:07,36.5583,104.2081,58.86,29,80,2.95
116,Tuatapere,NZ,2022-04-25 19:47:08,-46.1333,167.6833,41.92,88,29,5.57
117,Tres Lagoas,BR,2022-04-25 19:47:08,-20.7511,-51.6783,91.45,34,100,7.25
118,Itaituba,BR,2022-04-25 19:46:45,-4.2761,-55.9836,80.76,83,40,11.5
119,Mount Gambier,AU,2022-04-25 19:47:09,-37.8333,140.7667,53.51,87,40,5.75
120,Fairbanks,US,2022-04-25 19:47:10,64.8378,-147.7164,47.23,57,20,4.61
121,Adrar,MR,2022-04-25 19:47:10,20.5022,-10.0711,80.37,24,0,10.54
122,Ahipara,NZ,2022-04-25 19:47:10,-35.1667,173.1667,60.76,82,25,6.62
123,Maceio,BR,2022-04-25 19:44:21,-9.6658,-35.7353,83.64,69,75,13.8
124,Cabedelo,BR,2022-04-25 19:47:11,-6.9811,-34.8339,84.87,83,60,12.46
125,Chuy,UY,2022-04-25 19:47:11,-33.6971,-53.4616,65.52,97,100,6.24
126,Cajati,BR,2022-04-25 19:47:12,-24.7361,-48.1228,76.6,78,0,3.69
127,Mahebourg,MU,2022-04-25 19:43:58,-20.4081,57.7,75.49,78,40,11.5
128,Palana,RU,2022-04-25 19:47:12,59.1167,159.9667,25.45,88,99,10.07
129,Saskylakh,RU,2022-04-25 19:47:13,71.9167,114.0833,-7.4,100,100,3.83
130,Mersing,MY,2022-04-25 19:47:13,2.4312,103.8405,75.11,100,20,3.44
131,Harper,LR,2022-04-25 19:47:13,4.375,-7.7169,80.11,80,100,6.13
132,Sao Filipe,CV,2022-04-25 19:47:14,14.8961,-24.4956,76.64,64,4,11.03
133,Bredasdorp,ZA,2022-04-25 19:47:14,-34.5322,20.0403,55.33,73,0,2.44
134,Hamilton,US,2022-04-25 19:46:28,39.1834,-84.5333,70.57,89,100,19.57
135,Tigil,RU,2022-04-25 19:47:15,57.8,158.6667,28.72,92,100,3.4
136,Praia Da Vitoria,PT,2022-04-25 19:48:15,38.7333,-27.0667,62.85,72,20,13.02
137,Progreso,MX,2022-04-25 19:48:15,21.2833,-89.6667,97.11,68,0,20.74
138,Hami,CN,2022-04-25 19:48:16,42.8,93.45,63.16,29,100,27.63
139,Spring Hill,US,2022-04-25 19:48:16,28.4769,-82.5255,88.07,52,20,5.01
140,Longyearbyen,SJ,2022-04-25 19:48:17,78.2186,15.6401,3.04,60,75,13.8
141,Pangnirtung,CA,2022-04-25 19:48:17,66.1451,-65.7125,26.6,80,100,18.41
142,Casa Nova,BR,2022-04-25 19:48:18,-9.4167,-41.1333,86.34,45,35,22.53
143,Linxia,CN,2022-04-25 19:48:18,35.6003,103.2064,54.52,46,100,2.28
144,Poum,NC,2022-04-25 19:48:19,-20.2333,164.0167,74.28,66,100,10.27
145,Dzhida,RU,2022-04-25 19:48:19,50.6772,106.1806,22.71,50,9,3.36
146,Esperance,AU,2022-04-25 19:48:19,-33.8667,121.9,69.64,41,100,25.75
147,Berlevag,NO,2022-04-25 19:48:20,70.8578,29.0864,28.35,74,20,11.5
148,Praya,CV,2022-04-25 19:48:20,14.9215,-23.5087,79.34,44,0,23.02
149,Salalah,OM,2022-04-25 19:48:21,17.0151,54.0924,82.49,69,0,3.44
150,Talnakh,RU,2022-04-25 19:48:21,69.4865,88.3972,1.2,98,100,4.54
151,Kavaratti,IN,2022-04-25 19:48:22,10.5669,72.642,84.52,76,41,5.84
152,Fortuna,US,2022-04-25 19:48:22,40.5982,-124.1573,59.94,84,100,8.05
153,Kuytun,RU,2022-04-25 19:48:22,54.3419,101.5036,25.59,76,81,4.79
154,Torbay,CA,2022-04-25 19:48:23,47.6666,-52.7314,40.87,95,100,17.27
155,Ribeira Grande,PT,2022-04-25 19:48:23,38.5167,-28.7,61.2,67,20,10.36
156,Saint-Philippe,RE,2022-04-25 19:48:24,-21.3585,55.7679,74.79,80,87,15.7
157,Georgetown,MY,2022-04-25 19:48:24,5.4112,100.3354,80.53,93,20,5.01
158,Kabanjahe,ID,2022-04-25 19:47:04,3.1001,98.4908,64.4,96,100,1.77
159,Yulara,AU,2022-04-25 19:48:24,-25.2406,130.9889,58.84,82,100,4.61
160,The Pas,CA,2022-04-25 19:43:57,53.8251,-101.2541,24.82,39,0,6.91
161,Katsuura,JP,2022-04-25 19:48:25,35.1333,140.3,66.04,91,100,4.94
162,Piranhas,BR,2022-04-25 19:48:26,-16.4269,-51.8222,88.09,53,6,4.41
163,Cape Canaveral,US,2022-04-25 19:48:26,28.4058,-80.6048,84.06,59,0,10.36
164,Acapulco,MX,2022-04-25 19:45:38,16.8634,-99.8901,87.12,51,7,11.27
165,Lokoja,NG,2022-04-25 19:48:26,7.8024,6.743,85.66,61,60,4.99
166,Carutapera,BR,2022-04-25 19:48:27,-1.195,-46.02,81.34,80,51,8.01
167,Antalaha,MG,2022-04-25 19:48:27,-14.9003,50.2788,73.63,86,25,6.82
168,Haines Junction,CA,2022-04-25 19:48:28,60.7522,-137.5108,42.75,49,94,2.3
169,Tukrah,LY,2022-04-25 19:48:28,32.5341,20.5791,64.04,61,98,16.93
170,Hunchun,CN,2022-04-25 19:48:28,42.8675,130.3581,46.22,90,44,1.45
171,Methoni,GR,2022-04-25 19:48:29,36.8197,21.7049,67.21,76,100,11.54
172,Neryungri,RU,2022-04-25 19:48:29,56.6709,124.6491,5.58,96,92,2.82
173,Nadym,RU,2022-04-25 19:48:30,65.5333,72.5167,11.61,97,37,7.05
174,Kashan,IR,2022-04-25 19:48:30,33.9831,51.4364,71.19,40,0,0.0
175,Armidale,AU,2022-04-25 19:48:30,-30.5167,151.65,46.54,97,100,5.73
176,Arraial Do Cabo,BR,2022-04-25 19:47:11,-22.9661,-42.0278,78.66,65,20,12.66
177,Bandarbeyla,SO,2022-04-25 19:48:31,9.4942,50.8122,81.93,72,99,6.29
178,Bagdarin,RU,2022-04-25 19:48:31,54.4333,113.6,23.9,61,99,6.17
179,Te Anau,NZ,2022-04-25 19:48:32,-45.4167,167.7167,39.61,90,7,1.1
180,Bogdanovich,RU,2022-04-25 19:49:32,56.7803,62.0494,42.06,75,8,3.74
181,Lakhnadon,IN,2022-04-25 19:49:33,22.6,79.6,86.76,14,0,4.25
182,Pevek,RU,2022-04-25 19:49:33,69.7008,170.3133,13.62,82,100,1.77
183,Half Moon Bay,US,2022-04-25 19:49:34,37.4636,-122.4286,77.92,62,0,17.27
184,Lompoc,US,2022-04-25 19:49:34,34.6391,-120.4579,87.78,57,0,16.11
185,San Quintin,MX,2022-04-25 19:49:35,30.4833,-115.95,75.51,30,0,10.56
186,Kalaleh,IR,2022-04-25 19:49:35,37.3807,55.4916,59.36,69,100,1.88
187,Bintulu,MY,2022-04-25 19:49:36,3.1667,113.0333,75.61,94,20,3.44
188,North Battleford,CA,2022-04-25 19:49:36,52.7834,-108.2847,53.4,34,20,23.02
189,Yar-Sale,RU,2022-04-25 19:49:37,66.8333,70.8333,18.7,97,71,7.9
190,Beringovskiy,RU,2022-04-25 19:49:37,63.05,179.3167,28.24,96,100,25.52
191,Daru,PG,2022-04-25 19:49:38,-9.0763,143.2092,78.96,84,58,2.24
192,Shingu,JP,2022-04-25 19:49:35,33.7333,135.9833,64.27,92,100,0.83
193,Grand-Santi,GF,2022-04-25 19:49:38,4.25,-54.3833,80.1,94,77,3.27
194,Ancud,CL,2022-04-25 19:46:55,-41.8697,-73.8203,53.22,91,100,30.98
195,Lagoa,PT,2022-04-25 19:49:39,39.05,-27.9833,57.88,71,20,13.38
196,San Roque,ES,2022-04-25 19:49:39,36.2107,-5.3842,61.63,77,100,6.91
197,Tateyama,JP,2022-04-25 19:49:39,34.9833,139.8667,65.1,90,100,5.55
198,Souillac,MU,2022-04-25 19:49:40,-20.5167,57.5167,75.58,78,40,11.5
199,Broome,US,2022-04-25 19:49:40,42.2506,-75.833,74.66,48,100,10.0
200,Pacific Grove,US,2022-04-25 19:49:41,36.6177,-121.9166,70.25,75,20,7.0
201,Barreirinhas,BR,2022-04-25 19:49:41,-2.7469,-42.8264,80.94,82,49,8.77
202,Iskateley,RU,2022-04-25 19:49:41,67.6803,53.1512,28.2,98,98,8.57
203,Richmond,US,2022-04-25 19:44:58,37.5538,-77.4603,88.2,51,75,8.05
204,Bela,IN,2022-04-25 19:49:42,25.9333,81.9833,87.93,14,0,5.64
205,Morondava,MG,2022-04-25 19:49:42,-20.2833,44.2833,82.08,76,86,8.01
206,Fonte Boa,BR,2022-04-25 19:49:43,-2.4959,-66.2662,83.34,90,83,2.86
207,Unguia,CO,2022-04-25 19:49:43,8.0434,-77.0945,89.62,68,86,0.4
208,Xichang,CN,2022-04-25 19:49:44,27.8964,102.2634,59.29,88,19,3.8
209,Hay River,CA,2022-04-25 19:49:44,60.8156,-115.7999,48.18,43,75,12.66
210,Buraydah,SA,2022-04-25 19:49:45,26.326,43.975,75.65,33,18,7.74
211,Abonnema,NG,2022-04-25 19:49:45,4.7084,6.7931,80.06,83,78,6.73
212,Kruisfontein,ZA,2022-04-25 19:49:45,-34.0033,24.7314,55.89,85,2,6.62
213,Kodiak,US,2022-04-25 19:49:46,57.79,-152.4072,44.11,53,75,9.22
214,Shahrud,IR,2022-04-25 19:49:46,36.4182,54.9763,69.46,37,93,7.96
215,Riyadh,SA,2022-04-25 19:48:48,24.6877,46.7219,73.54,42,100,21.27
216,Sola,VU,2022-04-25 19:49:47,-13.8833,167.55,79.59,79,88,12.84
217,Pilar,BR,2022-04-25 19:49:47,-9.5972,-35.9567,82.33,77,19,6.89
218,Rawalpindi,PK,2022-04-25 19:49:48,33.6007,73.0679,77.23,43,5,1.01
219,Shizuishan,CN,2022-04-25 19:49:48,39.2333,106.7694,47.86,14,0,17.07
220,Bereda,ES,2022-04-25 19:49:49,43.2686,-7.5406,47.95,93,27,1.54
221,Juneau,US,2022-04-25 19:49:49,58.3019,-134.4197,48.22,91,75,5.75
222,Myitkyina,MM,2022-04-25 19:49:50,25.3833,97.4,71.13,53,1,3.0
223,Zhuhai,CN,2022-04-25 19:49:50,22.2769,113.5678,80.85,94,40,4.61
224,Esmeraldas,BR,2022-04-25 19:45:03,-19.7625,-44.3139,81.64,46,78,7.72
225,Tenosique,MX,2022-04-25 19:50:51,17.4833,-91.4333,94.89,40,17,9.73
226,Gazojak,TM,2022-04-25 19:50:51,41.1875,61.4036,68.14,35,100,9.53
227,Raudeberg,NO,2022-04-25 19:50:51,61.9875,5.1352,45.27,83,15,23.0
228,Khatanga,RU,2022-04-25 19:50:52,71.9667,102.5,-12.37,100,100,4.41
229,Takoradi,GH,2022-04-25 19:47:23,4.8845,-1.7554,80.71,87,14,6.31
230,Palmer,US,2022-04-25 19:45:55,42.1584,-72.3287,68.77,23,75,13.8
231,Grand Gaube,MU,2022-04-25 19:48:37,-20.0064,57.6608,75.6,78,57,5.99
232,La Ronge,CA,2022-04-25 19:50:52,55.1001,-105.2842,34.02,29,0,14.97
233,Santa Cruz Das Palmeiras,BR,2022-04-25 19:50:53,-21.8269,-47.2486,85.33,51,20,6.91
234,Olafsvik,IS,2022-04-25 19:50:53,64.8945,-23.7142,45.07,72,98,5.12
235,Lebu,CL,2022-04-25 19:46:16,-37.6167,-73.65,55.98,73,100,22.95
236,Bilina,CZ,2022-04-25 19:50:54,50.5485,13.7754,46.6,93,11,2.26
237,Punta De Bombon,PE,2022-04-25 19:50:54,-17.1717,-71.7931,69.01,76,100,7.43
238,Belaya Gora,RU,2022-04-25 19:50:55,68.5333,146.4167,1.44,99,83,1.97
239,La Baneza,ES,2022-04-25 19:50:55,42.3003,-5.8977,58.64,54,84,4.47
240,Mastic Beach,US,2022-04-25 19:50:55,40.7668,-72.8521,60.98,39,75,10.36
241,Narsaq,GL,2022-04-25 19:50:56,60.9167,-46.05,39.78,78,90,0.02
242,Los Llanos De Aridane,ES,2022-04-25 19:50:56,28.6585,-17.9182,65.95,78,40,8.05
243,Severodvinsk,RU,2022-04-25 19:50:57,64.5635,39.8302,39.11,96,100,6.11
244,Doha,QA,2022-04-25 19:47:40,25.2867,51.5333,84.18,42,94,19.57
245,New Norfolk,AU,2022-04-25 19:50:57,-42.7826,147.0587,50.88,87,90,2.37
246,Faya,SA,2022-04-25 19:50:57,18.3851,42.4509,64.51,52,0,5.68
247,Suntar,RU,2022-04-25 19:50:58,62.1444,117.6319,22.62,96,93,2.82
248,Oriximina,BR,2022-04-25 19:49:22,-1.7656,-55.8661,83.07,81,15,2.75
249,Anloga,GH,2022-04-25 19:49:51,5.7947,0.8973,82.99,78,3,8.41
250,Sabang,ID,2022-04-25 19:50:58,5.8933,95.3214,82.27,78,100,18.28
251,Kavieng,PG,2022-04-25 19:50:59,-2.5744,150.7967,81.09,78,92,10.78
252,Toktogul,KG,2022-04-25 19:50:59,41.8708,72.9402,55.29,68,48,2.68
253,Charlestown,AU,2022-04-25 19:50:38,-32.95,151.6667,61.74,95,100,1.48
254,Kushmurun,KZ,2022-04-25 19:51:00,52.4503,64.6311,49.96,44,24,11.68
255,Hualmay,PE,2022-04-25 19:51:00,-11.0964,-77.6139,70.52,77,100,10.18
256,Iqaluit,CA,2022-04-25 19:51:00,63.7506,-68.5145,4.73,78,100,28.77
257,Murray Bridge,AU,2022-04-25 19:51:01,-35.1167,139.2667,64.13,78,100,5.39
258,Chegutu,ZW,2022-04-25 19:51:01,-18.1302,30.1407,66.27,74,89,5.3
259,San Felipe,VE,2022-04-25 19:51:02,10.3399,-68.7425,78.75,81,100,7.05
260,Belmonte,BR,2022-04-25 19:51:02,-15.8631,-38.8828,80.56,75,3,10.31
261,Pisco,PE,2022-04-25 19:51:02,-13.7,-76.2167,70.02,77,0,8.05
262,Balkhash,KZ,2022-04-25 19:51:03,46.844,74.9804,42.55,57,0,7.0
263,Kropotkin,RU,2022-04-25 19:51:03,45.4375,40.5756,60.24,66,99,8.41
264,Kaeo,NZ,2022-04-25 19:51:04,-35.1,173.7833,55.33,96,49,4.36
265,Rawah,IQ,2022-04-25 19:51:04,34.4816,41.9093,75.31,30,98,5.1
266,Kuantan,MY,2022-04-25 19:51:05,3.8077,103.326,78.91,88,20,0.0
267,Nemuro,JP,2022-04-25 19:47:25,43.3236,145.575,39.11,87,6,6.51
268,Petropavlovsk-Kamchatskiy,RU,2022-04-25 19:51:05,53.0452,158.6483,32.59,75,75,2.24
269,Ketchikan,US,2022-04-25 19:51:06,55.3422,-131.6461,46.87,76,100,9.22
270,Kyabram,AU,2022-04-25 19:51:06,-36.3167,145.05,55.87,72,87,8.79
271,Lumsden,CA,2022-04-25 19:51:07,50.6501,-104.8678,43.02,44,26,9.57
272,Rocha,UY,2022-04-25 19:52:07,-34.4833,-54.3333,66.09,96,100,4.61
273,Yakeshi,CN,2022-04-25 19:52:07,49.2833,120.7333,30.87,90,100,22.26
274,Worland,US,2022-04-25 19:52:08,44.0169,-107.9554,59.61,32,0,5.75
275,Keetmanshoop,NA,2022-04-25 19:52:08,-26.5833,18.1333,54.52,26,0,4.61
276,Bojonegoro,ID,2022-04-25 19:52:09,-7.1502,111.8817,76.21,92,98,1.77
277,Mutata,CO,2022-04-25 19:52:09,7.2441,-76.4356,80.89,89,100,0.98
278,Yarmouth,US,2022-04-25 19:52:09,41.7057,-70.2286,58.98,62,0,11.01
279,Avera,US,2022-04-25 19:52:10,33.194,-82.5271,86.56,47,55,8.86
280,Teya,RU,2022-04-25 19:52:10,60.3778,92.6267,30.78,96,100,8.81
281,Touros,BR,2022-04-25 19:52:11,-5.1989,-35.4608,80.71,77,27,12.57
282,Shimoda,JP,2022-04-25 19:47:14,34.6667,138.95,64.11,91,100,1.16
283,Ende,ID,2022-04-25 19:52:11,-8.8432,121.6623,75.7,76,100,2.17
284,Jalostotitlan,MX,2022-04-25 19:52:11,21.2,-102.4667,87.66,9,0,5.37
285,Svetlaya,RU,2022-04-25 19:52:12,46.5389,138.3297,35.13,83,100,16.51
286,Kalawit,PH,2022-04-25 19:52:12,8.0667,122.5167,78.01,91,97,5.41
287,Kimbe,PG,2022-04-25 19:52:13,-5.5502,150.1429,75.45,94,100,2.13
288,Port Hardy,CA,2022-04-25 19:52:13,50.6996,-127.4199,48.38,71,75,6.91
289,Tevriz,RU,2022-04-25 19:52:13,57.509,72.4042,40.78,73,100,4.76
290,Cherskiy,RU,2022-04-25 19:52:14,68.75,161.3,23.49,75,100,3.2
291,Thompson,CA,2022-04-25 19:48:44,55.7435,-97.8558,23.16,30,20,3.44
292,Bilibino,RU,2022-04-25 19:52:14,68.0546,166.4372,19.18,79,100,3.58
293,Tombouctou,ML,2022-04-25 19:52:15,20.0,-3.0,81.66,17,0,10.8
294,Komsomolskiy,UZ,2022-04-25 19:52:15,40.4272,71.7189,65.12,63,57,2.3
295,Whitianga,NZ,2022-04-25 19:52:16,-36.8333,175.7,56.34,79,1,4.03
296,Nanortalik,GL,2022-04-25 19:52:16,60.1432,-45.2371,35.28,90,98,8.57
297,Mancio Lima,BR,2022-04-25 19:52:16,-7.6142,-72.8958,89.67,62,40,3.44
298,Gamba,GA,2022-04-25 19:52:17,-2.65,10.0,77.77,89,100,5.26
299,Guerrero Negro,MX,2022-04-25 19:52:17,27.9769,-114.0611,82.54,22,0,10.94
300,Jaguarari,BR,2022-04-25 19:52:17,-10.2639,-40.1958,76.82,57,100,7.83
301,Tsybuliv,UA,2022-04-25 19:52:18,49.0766,29.8461,53.56,93,100,8.48
302,Barabai,ID,2022-04-25 19:52:18,-2.5833,115.3833,73.47,99,82,1.74
303,Ginir,ET,2022-04-25 19:52:19,7.1333,40.7,58.37,93,100,7.38
304,Conde,BR,2022-04-25 19:52:19,-7.2597,-34.9075,83.66,74,40,11.5
305,Mujiayingzi,CN,2022-04-25 19:52:19,42.1167,118.7833,51.67,16,36,12.88
306,Vanimo,PG,2022-04-25 19:51:19,-2.6741,141.3028,76.93,91,97,5.08
307,Vila Franca Do Campo,PT,2022-04-25 19:52:20,37.7167,-25.4333,59.41,74,11,9.64
308,Gigmoto,PH,2022-04-25 19:52:21,13.7796,124.39,80.83,86,94,10.8
309,Carauari,BR,2022-04-25 19:52:21,-4.8828,-66.8958,83.98,75,86,3.53
310,Marathon,US,2022-04-25 19:52:21,44.9,-89.7668,42.33,83,100,13.8
311,Mabaruma,GY,2022-04-25 19:52:22,8.2,-59.7833,79.77,90,100,4.68
312,Antofagasta,CL,2022-04-25 19:49:35,-23.65,-70.4,65.48,77,100,7.94
313,Gazli,UZ,2022-04-25 19:52:22,40.1333,63.45,68.72,27,100,13.71
314,Walvis Bay,NA,2022-04-25 19:52:23,-22.9575,14.5053,61.75,72,0,4.61
315,Amapa,BR,2022-04-25 19:52:23,1.0,-52.0,78.49,96,99,3.11
316,Blythe,US,2022-04-25 19:52:23,33.6103,-114.5964,88.03,6,6,4.38
317,Cidreira,BR,2022-04-25 19:52:24,-30.1811,-50.2056,73.94,76,82,13.6
318,Orocue,CO,2022-04-25 19:53:24,4.7912,-71.3354,90.48,51,54,2.53
319,Kirakira,SB,2022-04-25 19:53:25,-10.4544,161.9205,80.6,83,100,2.46
320,Richards Bay,ZA,2022-04-25 19:53:25,-28.783,32.0377,68.25,73,100,17.34
321,Moundou,TD,2022-04-25 19:53:25,8.5667,16.0833,90.23,37,97,3.56
322,Isangel,VU,2022-04-25 19:53:26,-19.55,169.2667,75.96,73,100,15.68
323,Hongjiang,CN,2022-04-25 19:53:26,27.11,109.9956,69.75,97,12,3.53
324,Batagay,RU,2022-04-25 19:53:27,67.6333,134.6333,1.92,100,96,0.49
325,Waipawa,NZ,2022-04-25 19:53:27,-41.4122,175.5153,51.1,80,91,1.61
326,Henties Bay,NA,2022-04-25 19:53:27,-22.116,14.2845,63.07,67,0,7.56
327,Talara,PE,2022-04-25 19:53:28,-4.5772,-81.2719,79.56,53,0,17.27
328,Marawi,PH,2022-04-25 19:53:28,7.9986,124.2928,69.93,91,100,2.98
329,Alofi,NU,2022-04-25 19:53:29,-19.0595,-169.9187,75.09,23,100,3.44
330,Sao Jose Da Coroa Grande,BR,2022-04-25 19:53:29,-8.8978,-35.1478,79.59,76,100,10.38
331,Constitucion,CL,2022-04-25 19:50:56,-35.3333,-72.4167,56.21,81,100,7.7
332,Kahului,US,2022-04-25 19:53:30,20.8947,-156.47,80.62,67,20,20.71
333,Norman Wells,CA,2022-04-25 19:50:11,65.282,-126.8329,41.04,60,75,5.75
334,Samarai,PG,2022-04-25 19:43:57,-10.6167,150.6667,82.54,78,98,13.67
335,Tashigang,BT,2022-04-25 19:53:31,27.3331,91.5542,59.74,68,10,4.94
336,Dongsheng,CN,2022-04-25 19:53:31,39.8161,109.9776,41.49,18,34,19.22
337,Geraldton,AU,2022-04-25 19:53:31,-28.7667,114.6,70.21,64,75,14.97
338,Sohag,EG,2022-04-25 19:53:32,26.557,31.6948,84.49,20,17,7.81
339,Plettenberg Bay,ZA,2022-04-25 19:53:32,-34.0527,23.3716,55.94,79,0,5.37
340,Onega,RU,2022-04-25 19:53:33,63.9061,38.1404,35.85,98,100,5.77
341,Gerede,TR,2022-04-25 19:53:33,40.8008,32.1969,50.23,89,62,2.24
342,Ankazobe,MG,2022-04-25 19:53:33,-18.3167,47.1167,59.38,95,28,4.45
343,Ambovombe,MG,2022-04-25 19:53:34,-25.1667,46.0833,74.01,75,97,4.23
344,Kyshtovka,RU,2022-04-25 19:53:34,56.555,76.6271,41.41,57,100,7.85
345,Maniitsoq,GL,2022-04-25 19:53:32,65.4167,-52.9,29.59,80,100,7.94
346,Berbera,SO,2022-04-25 19:53:35,10.4396,45.0143,85.5,65,72,9.48
347,Kathu,TH,2022-04-25 19:53:35,7.9178,98.3332,88.75,70,18,3.74
348,Hobyo,SO,2022-04-25 19:53:35,5.3505,48.5268,83.37,72,46,11.45
349,Anupgarh,IN,2022-04-25 19:52:56,29.1911,73.2086,86.7,20,0,6.31
350,Bitung,ID,2022-04-25 19:53:36,1.4451,125.1824,76.05,82,91,2.71
351,Cavalcante,BR,2022-04-25 19:53:36,-13.7975,-47.4583,81.28,46,11,6.08
352,Tahe,CN,2022-04-25 19:53:37,52.3333,124.7333,31.06,51,100,5.79
353,Manhattan,US,2022-04-25 19:53:37,40.7834,-73.9662,60.01,49,100,9.22
354,Galle,LK,2022-04-25 19:53:37,6.0367,80.217,79.68,82,54,2.44
355,Fukue,JP,2022-04-25 19:52:41,32.6881,128.8419,70.5,94,100,25.64
356,Luderitz,NA,2022-04-25 19:53:38,-26.6481,15.1594,59.4,56,0,15.75
357,Dourbali,TD,2022-04-25 19:53:38,11.8091,15.8632,96.8,23,92,4.27
358,Sheridan,US,2022-04-25 19:53:39,44.8333,-106.9173,55.69,31,0,8.01
359,Muros,ES,2022-04-25 19:52:51,42.7762,-9.0603,59.68,80,90,6.08
360,Chilakalurupet,IN,2022-04-25 19:53:39,16.0833,80.1667,82.81,77,6,7.07
361,Byron Bay,AU,2022-04-25 19:53:40,-28.65,153.6167,59.94,73,100,6.46
362,Moth,IN,2022-04-25 19:53:40,25.7167,78.95,91.02,11,0,3.74
363,Srandakan,ID,2022-04-25 19:53:40,-7.9386,110.2506,77.34,88,77,2.77
364,Dergachi,RU,2022-04-25 19:53:41,51.2328,48.7659,53.31,74,9,8.57
365,Cloquet,US,2022-04-25 19:49:59,46.7216,-92.4594,35.4,76,100,9.22
366,West Fargo,US,2022-04-25 19:52:14,46.875,-96.9004,27.01,76,100,21.85
367,Provideniya,RU,2022-04-25 19:54:42,64.3833,-173.3,24.64,82,87,13.58
368,Kaitangata,NZ,2022-04-25 19:54:42,-46.2817,169.8464,48.87,70,41,13.62
369,Miles City,US,2022-04-25 19:54:42,46.4083,-105.8406,57.36,35,1,6.8
370,Sawakin,SD,2022-04-25 19:54:43,19.1059,37.3321,82.31,79,0,2.57
371,Ponta Do Sol,PT,2022-04-25 19:54:43,32.6667,-17.1,65.01,82,27,11.18
372,Taltal,CL,2022-04-25 19:54:44,-25.4,-70.4833,65.91,79,45,5.44
373,Klaksvik,FO,2022-04-25 19:54:44,62.2266,-6.589,40.12,79,100,14.38
374,Kysyl-Syr,RU,2022-04-25 19:54:44,63.8986,122.7617,11.89,97,100,2.73
375,Kargasok,RU,2022-04-25 19:54:45,59.0556,80.8572,35.37,88,100,8.81
376,Kieta,PG,2022-04-25 19:54:45,-6.2167,155.6333,79.03,82,78,0.76
377,Mortka,RU,2022-04-25 19:54:45,59.3322,66.0214,38.79,99,100,5.55
378,Birobidzhan,RU,2022-04-25 19:54:46,48.8,132.95,33.1,98,100,18.39
379,Gemena,CD,2022-04-25 19:54:46,3.25,19.7667,74.68,85,100,2.66
380,Wahpeton,US,2022-04-25 19:54:47,46.2652,-96.6059,29.12,80,100,23.02
381,Arrifes,PT,2022-04-25 19:54:47,37.7667,-25.7,57.45,77,20,14.97
382,Port Lincoln,AU,2022-04-25 19:54:47,-34.7333,135.8667,63.79,82,100,5.73
383,Basco,PH,2022-04-25 19:54:48,20.4487,121.9702,81.57,85,3,17.85
384,Jan Kempdorp,ZA,2022-04-25 19:54:48,-27.9225,24.8305,53.08,36,0,5.73
385,Pachino,IT,2022-04-25 19:54:48,36.7186,15.0907,60.04,67,30,5.79
386,Bairiki,KI,2022-04-25 19:54:49,1.3292,172.9752,78.8,94,20,0.0
387,Ziarat,PK,2022-04-25 19:54:49,30.3823,67.7282,58.12,20,95,8.16
388,Zhigansk,RU,2022-04-25 19:54:49,66.7697,123.3711,1.96,98,94,2.95
389,Fengzhen,CN,2022-04-25 19:54:50,40.4394,113.1536,42.49,19,6,14.61
390,Sabha,LY,2022-04-25 19:54:50,27.0377,14.4283,82.42,10,100,14.2
391,Kenai,US,2022-04-25 19:54:02,60.5544,-151.2583,48.02,87,100,3.44
392,Pauini,BR,2022-04-25 19:54:51,-7.7136,-66.9764,83.95,82,99,1.77
393,Agadir,MA,2022-04-25 19:54:51,30.4202,-9.5982,63.05,73,38,7.25
394,Miandrivazo,MG,2022-04-25 19:54:52,-19.5167,45.4667,78.8,67,100,0.72
395,Ati,TD,2022-04-25 19:54:52,13.2154,18.3353,92.71,29,99,11.72
396,Batagay-Alyta,RU,2022-04-25 19:54:52,67.8006,130.4114,2.73,97,100,3.94
397,Houma,US,2022-04-25 19:54:53,29.5958,-90.7195,86.0,67,0,16.11
398,Monrovia,LR,2022-04-25 19:50:29,6.3005,-10.7969,83.97,84,99,10.6
399,Sorong,ID,2022-04-25 19:54:53,-0.8833,131.25,77.88,89,100,10.42
400,Huilong,CN,2022-04-25 19:54:54,31.8111,121.655,68.94,99,100,9.35
401,Kudahuvadhoo,MV,2022-04-25 19:54:54,2.6708,72.8944,84.27,67,7,3.4
402,Chokurdakh,RU,2022-04-25 19:54:54,70.6333,147.9167,6.75,93,98,4.88
403,Tasiilaq,GL,2022-04-25 19:52:24,65.6145,-37.6368,31.57,96,100,8.46
404,Saravan,AM,2022-04-25 19:54:55,39.7196,45.6483,48.54,73,48,6.04
405,Aripuana,BR,2022-04-25 19:51:12,-9.1667,-60.6333,85.35,63,68,2.44
406,Porto Santo,PT,2022-04-25 19:54:55,33.072,-16.3415,62.98,77,40,9.22
407,Pipar,IN,2022-04-25 19:54:56,26.3856,73.5378,87.06,19,10,6.87
408,Khovu-Aksy,RU,2022-04-25 19:54:56,51.1333,93.6,26.89,52,100,4.59
409,Beira,MZ,2022-04-25 19:52:29,-19.8436,34.8389,76.95,82,20,6.04
410,Werda,BW,2022-04-25 19:54:57,-25.2667,23.2833,61.38,21,9,7.65
411,Jiuquan,CN,2022-04-25 19:54:57,39.7432,98.5174,51.64,18,99,8.3
412,Callaway,US,2022-04-25 19:53:00,30.153,-85.5699,80.96,74,0,13.8
413,Dustlik,UZ,2022-04-25 19:54:58,40.5247,68.0358,63.14,43,100,4.54
414,Pitimbu,BR,2022-04-25 19:55:58,-7.4706,-34.8086,84.79,83,78,12.59
415,Shieli,KZ,2022-04-25 19:55:59,44.1667,66.75,60.1,46,100,8.14
416,Marica,BR,2022-04-25 19:55:59,-22.9194,-42.8186,80.55,76,19,13.98
417,Loding,NO,2022-04-25 19:56:00,67.3,14.75,35.51,63,40,17.27
418,Damghan,IR,2022-04-25 19:56:00,36.1683,54.348,72.19,39,100,7.85
419,Port Blair,IN,2022-04-25 19:56:00,11.6667,92.75,80.64,83,20,2.3
420,Lerwick,GB,2022-04-25 19:56:01,60.1545,-1.1494,44.6,79,76,16.08
421,Severo-Kurilsk,RU,2022-04-25 19:53:58,50.6789,156.125,32.14,85,100,19.84
422,Luau,AO,2022-04-25 19:56:02,-10.7073,22.2247,65.41,93,99,3.71
423,Mokhsogollokh,RU,2022-04-25 19:56:02,61.4681,128.9203,14.79,96,98,2.73
424,Flinders,AU,2022-04-25 19:56:02,-34.5833,150.8552,60.19,93,100,5.01
425,Ballina,AU,2022-04-25 19:56:03,-28.8667,153.5667,60.01,96,75,3.44
426,Shar,KZ,2022-04-25 19:56:03,49.5886,81.0453,39.13,60,95,4.16
427,Atbasar,KZ,2022-04-25 19:56:04,51.8,68.3333,47.71,35,68,7.92
428,Mogok,MM,2022-04-25 19:56:04,22.9167,96.5,69.24,45,27,0.56
429,Gunjur,GM,2022-04-25 19:56:04,13.2019,-16.7339,86.07,45,0,10.36
430,Ko Samui,TH,2022-04-25 19:56:05,9.5357,99.9357,85.01,72,67,10.76
431,Kosovska Mitrovica,XK,2022-04-25 19:56:05,42.8833,20.8667,59.34,77,26,1.45
432,Homer,US,2022-04-25 19:54:25,59.6425,-151.5483,42.04,88,100,3.44
433,Kamenka,RU,2022-04-25 19:51:33,51.3223,42.7678,57.31,73,99,8.46
434,Campbell River,CA,2022-04-25 19:56:06,50.0163,-125.2446,52.59,87,75,10.36
435,Yakima,US,2022-04-25 19:56:06,46.4665,-120.6678,62.55,56,100,5.01
436,Acajutla,SV,2022-04-25 19:56:07,13.5928,-89.8275,85.51,64,26,7.65
437,Tura,IN,2022-04-25 19:56:07,25.5198,90.2201,72.82,83,0,4.76
438,Leh,IN,2022-04-25 19:56:08,34.1667,77.5833,38.12,73,78,4.99
439,Wiang Sa,TH,2022-04-25 19:56:08,8.6359,99.3666,77.18,91,86,1.99
440,Kalghatgi,IN,2022-04-25 19:56:09,15.1833,74.9667,79.77,68,89,7.11
441,Hackettstown,US,2022-04-25 19:56:09,40.854,-74.8291,59.79,45,100,10.2
442,Port Augusta,AU,2022-04-25 19:55:28,-32.5,137.7667,63.12,79,100,5.32
443,Ola,RU,2022-04-25 19:56:10,59.5833,151.2833,25.9,66,100,9.64
444,Zyryanka,RU,2022-04-25 19:56:10,65.75,150.85,9.12,96,91,8.86
445,Tiarei,PF,2022-04-25 19:56:10,-17.5333,-149.3333,84.22,75,10,9.57
446,Nichinan,JP,2022-04-25 19:56:11,31.6,131.3667,71.56,95,84,10.22
447,Yago,MX,2022-04-25 19:56:11,21.8333,-105.0667,97.16,25,0,10.02
448,Barcelos,PT,2022-04-25 19:56:12,41.5388,-8.6151,60.85,77,71,3.29
449,Ust-Kalmanka,RU,2022-04-25 19:56:12,52.1207,83.305,38.52,66,100,5.03
450,Saint-Francois,FR,2022-04-25 19:56:13,46.4154,3.9054,51.24,87,100,3.44
451,Caetite,BR,2022-04-25 19:55:08,-14.0694,-42.475,79.7,40,13,9.53
452,Sur,OM,2022-04-25 19:56:13,22.5667,59.5289,86.25,48,0,11.21
453,Tsaratanana,MG,2022-04-25 19:56:13,-16.7833,47.65,70.5,78,43,8.9
454,Alugan,PH,2022-04-25 19:56:14,12.2188,125.4808,81.41,85,100,13.13
455,Srednekolymsk,RU,2022-04-25 19:53:59,67.45,153.6833,4.53,96,100,2.95
456,Peringat,MY,2022-04-25 19:56:14,6.0333,102.2833,78.75,94,20,0.0
457,Petrozavodsk,RU,2022-04-25 19:56:15,61.7849,34.3469,36.86,93,100,4.47
458,Tazovskiy,RU,2022-04-25 19:57:15,67.4667,78.7,2.32,97,87,7.31
459,San Cristobal,VE,2022-04-25 19:57:16,7.7669,-72.225,71.78,50,47,4.72
460,Garden City,US,2022-04-25 19:57:16,42.3256,-83.331,58.21,82,100,7.9
461,Marfino,RU,2022-04-25 19:57:17,55.7028,37.3822,55.17,74,100,4.68
462,Hofn,IS,2022-04-25 19:57:17,64.2539,-15.2082,41.02,87,100,6.91
463,Ventspils,LV,2022-04-25 19:57:17,57.3894,21.5606,37.33,93,0,2.3
464,Tamboril,DO,2022-04-25 19:57:18,19.4854,-70.611,83.7,58,40,10.36
465,George Town,MY,2022-04-25 19:56:15,5.4112,100.3354,80.53,93,20,5.01
466,Magura,RO,2022-04-25 19:57:18,45.2667,26.5833,54.32,75,0,4.12
467,Dubbo,AU,2022-04-25 19:52:25,-32.25,148.6167,59.13,82,100,11.5
468,Westport,US,2022-04-25 19:57:19,41.1415,-73.3579,62.74,41,100,8.99
469,Salinas,US,2022-04-25 19:54:58,36.6777,-121.6555,81.0,62,18,8.03
470,Miracatu,BR,2022-04-25 19:57:19,-24.2814,-47.4597,77.97,77,20,3.58
471,Mamakan,RU,2022-04-25 19:57:20,57.8161,114.0028,24.42,89,100,3.33
472,Karla,EE,2022-04-25 19:57:20,59.3723,24.9275,40.96,75,0,8.05
473,Mouila,GA,2022-04-25 19:57:21,-1.8685,11.0559,76.6,88,100,0.49
474,Lenoir City,US,2022-04-25 19:57:21,35.7973,-84.256,85.44,46,56,1.01
475,Ngunguru,NZ,2022-04-25 19:57:22,-35.6167,174.5,59.85,81,4,8.14
476,Hovd,MN,2022-04-25 19:57:22,48.0056,91.6419,34.38,26,100,3.18
477,Lavrentiya,RU,2022-04-25 19:53:55,65.5833,-171.0,22.64,83,97,7.27
478,Jaru,BR,2022-04-25 19:57:23,-10.4389,-62.4664,86.29,74,7,2.39
479,Rio Grande,BR,2022-04-25 19:57:23,-32.035,-52.0986,68.11,98,100,10.85
480,Jinhua,CN,2022-04-25 19:57:23,29.1078,119.6547,71.33,98,100,3.85
481,Quatre Cocos,MU,2022-04-25 19:57:24,-20.2078,57.7625,75.31,73,88,16.37
482,Colonia,DE,2022-04-25 19:57:24,50.9333,6.95,52.86,84,0,3.44
483,Lima,PE,2022-04-25 19:57:25,-12.0432,-77.0282,71.38,72,75,4.61
484,Campo Grande,BR,2022-04-25 19:54:58,-20.4428,-54.6464,89.15,43,40,12.66
485,Sao Joao Da Barra,BR,2022-04-25 19:53:12,-21.6403,-41.0511,80.69,75,5,9.08
486,Savannah Bight,HN,2022-04-25 19:57:25,16.45,-85.85,81.43,74,0,15.82
487,Stromness,GB,2022-04-25 19:57:26,58.965,-3.296,44.56,88,100,4.0
488,Cervo,ES,2022-04-25 19:57:26,43.6702,-7.4101,57.96,89,89,7.49
489,Varangaon,IN,2022-04-25 19:53:47,21.0167,75.9,92.32,17,5,4.76
490,Namibe,AO,2022-04-25 19:57:27,-15.1961,12.1522,71.1,78,2,5.3
491,Khalkhal,IR,2022-04-25 19:57:27,37.6189,48.5258,53.04,77,100,1.52
492,Gimli,CA,2022-04-25 19:57:28,50.6336,-96.9907,19.42,79,100,14.97
493,Cabadiangan,PH,2022-04-25 19:57:28,9.7531,122.4739,79.38,85,100,4.16
494,Arroyo,ES,2022-04-25 19:57:28,41.6096,-4.7969,63.19,54,0,3.44
495,Sitka,US,2022-04-25 19:53:23,57.0531,-135.33,47.05,77,98,5.35
496,Masuguru,TZ,2022-04-25 19:57:29,-11.3667,38.4167,72.88,95,93,3.51
497,Coihaique,CL,2022-04-25 19:52:57,-45.5752,-72.0662,43.41,87,75,5.75
498,Muroto,JP,2022-04-25 19:57:29,33.2833,134.15,66.74,90,100,2.44
499,Auki,SB,2022-04-25 19:57:30,-8.7676,160.7034,77.86,86,27,3.02
500,Pochutla,MX,2022-04-25 19:57:30,15.7432,-96.4661,91.81,40,6,9.86
501,Lapua,FI,2022-04-25 19:52:40,62.9693,23.0088,42.48,86,100,4.29
502,Wahiawa,US,2022-04-25 19:58:31,21.5028,-158.0236,75.22,72,2,12.33
503,Mandera,KE,2022-04-25 19:58:31,3.9366,41.867,90.48,41,100,4.81
504,Taybad,IR,2022-04-25 19:58:32,34.74,60.7756,70.41,33,55,9.62
505,Polillo,PH,2022-04-25 19:58:32,14.7122,121.9392,78.62,90,30,8.3
506,Shakawe,BW,2022-04-25 19:58:32,-18.3667,21.85,72.77,46,82,2.15
507,Jambi,ID,2022-04-25 19:58:33,-1.6,103.6167,74.19,98,98,0.94
508,Rodrigues Alves,BR,2022-04-25 19:58:33,-7.738,-72.6509,89.8,81,49,3.8
509,Bubaque,GW,2022-04-25 19:58:34,11.2833,-15.8333,77.77,78,9,18.14
510,Kununurra,AU,2022-04-25 19:55:24,-15.7667,128.7333,67.98,88,100,0.0
511,Gastouri,GR,2022-04-25 19:58:34,39.56,19.8975,62.2,82,0,0.0
512,Urengoy,RU,2022-04-25 19:58:35,65.9667,78.3667,-0.04,99,69,5.97
513,Yvetot,FR,2022-04-25 19:58:35,49.6174,0.7581,48.2,82,4,7.14
514,Kannur,IN,2022-04-25 19:58:35,11.8675,75.3576,82.38,86,92,4.5
515,Troy,US,2022-04-25 19:57:36,42.6056,-83.1499,57.9,82,100,5.75
516,Kuusamo,FI,2022-04-25 19:54:02,65.9667,29.1833,35.64,87,100,5.75
517,Marsh Harbour,BS,2022-04-25 19:58:36,26.5412,-77.0636,74.97,66,1,14.32
518,Laurel,US,2022-04-25 19:58:36,39.0993,-76.8483,73.62,72,100,8.05
519,Jumla,NP,2022-04-25 19:58:37,29.2747,82.1838,49.53,41,0,4.61
520,Bay Roberts,CA,2022-04-25 19:58:37,47.5999,-53.2648,41.65,88,100,13.0
521,Hirara,JP,2022-04-25 19:58:38,24.8,125.2833,78.35,91,20,21.81
522,Dingle,PH,2022-04-25 19:58:38,10.9995,122.6711,78.01,88,48,6.93
523,Ust-Tsilma,RU,2022-04-25 19:58:38,65.441,52.1498,32.31,88,100,3.27
524,Reconquista,AR,2022-04-25 19:58:20,-29.15,-59.65,78.24,79,100,6.44
525,Bugama,NG,2022-04-25 19:58:39,4.7341,6.8635,80.13,83,82,6.89
526,Altamirano,MX,2022-04-25 19:58:39,16.8833,-92.15,69.17,58,94,3.2
527,Aykhal,RU,2022-04-25 19:58:40,66.0,111.5,9.93,98,100,3.6
528,Mehamn,NO,2022-04-25 19:56:47,71.0357,27.8492,28.31,82,76,24.34
529,Masvingo,ZW,2022-04-25 19:58:40,-20.0637,30.8277,63.03,81,19,4.23
530,Bathsheba,BB,2022-04-25 19:58:41,13.2167,-59.5167,75.81,100,75,14.97
531,Egvekinot,RU,2022-04-25 19:58:41,66.3167,-179.1667,16.34,84,84,8.77
532,Dryden,CA,2022-04-25 19:58:41,49.7833,-92.7503,21.49,68,100,10.36
533,Tocopilla,CL,2022-04-25 19:55:19,-22.092,-70.1979,68.92,73,100,6.78
534,Nouakchott,MR,2022-04-25 19:58:42,18.0858,-15.9785,73.33,70,10,19.73
535,Alta Floresta,BR,2022-04-25 19:58:42,-9.8756,-56.0861,93.02,52,20,8.05
536,Santa Ana Arriba,DO,2022-04-25 19:58:43,19.3,-70.35,85.28,62,86,10.49
537,Solnechnyy,RU,2022-04-25 19:58:43,50.7214,136.6319,22.51,95,100,3.31
538,Maumere,ID,2022-04-25 19:58:43,-8.6199,122.2111,78.57,74,100,4.18
539,Broken Hill,AU,2022-04-25 19:58:44,-31.95,141.4333,58.71,88,100,13.8
540,Yaan,NG,2022-04-25 19:58:44,7.3833,8.5667,86.31,57,79,4.88
541,Lalibela,ET,2022-04-25 19:58:45,12.0333,39.0333,64.4,56,74,3.56
542,Champerico,GT,2022-04-25 19:58:45,14.3,-91.9167,93.74,62,4,11.36
543,Teguldet,RU,2022-04-25 19:58:45,57.3064,88.1667,29.21,91,73,6.64
544,Visby,SE,2022-04-25 19:58:46,57.6409,18.296,38.82,75,41,0.0
545,Goundam,ML,2022-04-25 19:58:46,16.4145,-3.6708,86.5,16,0,9.51
546,Killybegs,IE,2022-04-25 19:53:51,54.6333,-8.45,51.51,68,100,7.9
547,Lodja,CD,2022-04-25 19:58:47,-3.4833,23.4333,71.01,98,100,1.03
548,Baykit,RU,2022-04-25 19:58:47,61.67,96.37,22.84,92,100,3.76
549,Novyy Urengoy,RU,2022-04-25 19:59:37,66.0833,76.6333,3.99,98,93,7.2
550,Shizunai,JP,2022-04-25 19:59:48,42.3339,142.3669,46.63,71,100,10.33
551,Yumen,CN,2022-04-25 19:59:48,40.2833,97.2,51.49,18,100,18.79
552,Halifax,CA,2022-04-25 19:59:20,44.6453,-63.5724,61.68,56,20,5.75
553,Manzhouli,CN,2022-04-25 19:59:49,49.6,117.4333,32.68,95,100,21.47
554,Nanchong,CN,2022-04-25 19:59:49,30.7951,106.0847,68.63,69,100,5.08
555,Zavodoukovsk,RU,2022-04-25 19:59:50,56.5042,66.5515,42.66,83,26,7.87
556,Trelew,AR,2022-04-25 19:59:50,-43.249,-65.3051,64.85,23,100,14.72
557,Kilindoni,TZ,2022-04-25 19:59:50,-7.9139,39.6668,82.42,75,45,9.71
558,Mogadishu,SO,2022-04-25 19:56:05,2.0371,45.3438,82.92,71,6,12.08
